Time,Voltage Charge,Voltage Measured,Current Measured,Temperature
0,0.003,3.35260365999878,0.001989642339596,29.5533007325388
2.547,1.419,3.0358785775794,-3.38440778909724,29.5387509098627
5.547,4.175,3.45946801805238,1.51031782435852,29.5390002988895
8.391,4.213,3.47833320670214,1.51121066910728,29.5437939936421
11.281,4.229,3.49189299262218,1.51327019863869,29.5430920076775
14.156,4.24,3.50329433482418,1.51072818700049,29.5320308947925
17.031,4.25,3.51328786899301,1.51057862038737,29.5135472471882
19.906,4.261,3.52334721505934,1.50982017577581,29.492706962503
22.797,4.267,3.53209621262816,1.51162981504604,29.4769300299453
25.672,4.278,3.54069652820556,1.50746107638023,29.4471843941113
28.562,4.283,3.54858492701911,1.51252654892349,29.4239211611414
31.422,4.294,3.55640241717631,1.51083904693993,29.4073522581483
34.281,4.299,3.56380826489886,1.51251514033757,29.3749586771182
37.156,4.31,3.5712794685272,1.51016114460014,29.3467228607539
40.031,4.315,3.57786892563177,1.51025640774102,29.329590256765
42.891,4.321,3.58450016665036,1.50977854410133,29.3069100966966
45.75,4.326,3.59090064683065,1.51054973122316,29.2795581291559
48.641,4.332,3.5971644259709,1.51089615004522,29.2446566172412
51.5,4.342,3.6031935605692,1.5088573785633,29.2228835935909
54.375,4.348,3.60894560349231,1.50868781890223,29.1934783853255
57.266,4.353,3.61491800349586,1.51371905379116,29.1704270594711
60.141,4.359,3.6204492923553,1.51169216771953,29.1406523975857
63.031,4.364,3.6259660776484,1.51009890442748,29.1180532429692
65.906,4.369,3.63112731531426,1.5099481874654,29.0864643651056
68.797,4.375,3.63631074324808,1.51039847980339,29.073292838942
71.703,4.38,3.64127417572822,1.51286296275236,29.0366481650004
74.703,4.386,3.64666125449844,1.50990093694476,29.0159552355317
77.625,4.391,3.65168134121251,1.51162270708626,28.9848887106454
80.516,4.396,3.65644601510987,1.50979022323586,28.9626829713768
83.422,4.396,3.66100236712782,1.51323371969842,28.9452789666999
86.406,4.402,3.66582796636196,1.50945916051946,28.9185738599842
89.328,4.407,3.67044057349877,1.50853541408723,28.9033518538783
92.234,4.413,3.67459936200724,1.51028421497319,28.8765965617429
95.266,4.418,3.67907267574697,1.50658012815479,28.8513788112694
98.219,4.418,3.683639534416,1.51096912238059,28.8275636732251
101.141,4.423,3.68752134902982,1.51147961092379,28.8080551088778
104.141,4.429,3.69185603294069,1.50684832642489,28.784556816028
107.094,4.434,3.69572763486402,1.51077995765401,28.7662774011889
110.047,4.434,3.69965816378239,1.51034966118559,28.743195069868
113.031,4.44,3.70361526332339,1.50884402807538,28.7218844969945
116,4.445,3.70722135249864,1.510192356655,28.6940800091851
118.969,4.45,3.7113698152379,1.51289623147132,28.6743601239222
122.016,4.45,3.71471988574784,1.50784817592205,28.6522818182472
125,4.456,3.71837453212954,1.51343865300137,28.6285306461406
128.016,4.461,3.72220248970477,1.51168065564418,28.6050637017816
131.031,4.461,3.72566944244106,1.51215176754836,28.5840443421025
134.062,4.467,3.72914522478614,1.50847395018459,28.5567421647416
137.078,4.472,3.73244267392527,1.50855378207994,28.5486407814351
140.094,4.472,3.73575769697154,1.5089532308211,28.5159744659983
143.125,4.477,3.73916831820133,1.51308422356327,28.4993988612568
146.141,4.483,3.74241968384243,1.50880054716913,28.4781444887477
149.172,4.483,3.74572325564316,1.51000619021811,28.4543707534427
152.203,4.488,3.74873679826844,1.51065559780217,28.4363391537276
155.234,4.488,3.75199023490894,1.51203707331999,28.418330916291
158.297,4.494,3.75514126400102,1.51051873878377,28.3950143177852
161.375,4.494,3.7581264466928,1.50851962876115,28.384450469652
164.437,4.499,3.76153565764615,1.50471919561611,28.355614748632
167.5,4.504,3.76420091905724,1.50889679128991,28.3427858175911
170.578,4.504,3.76695287472585,1.51138907693289,28.3214051028683
173.656,4.504,3.76990632704826,1.51056863514817,28.2951907036518
176.766,4.51,3.77263320667355,1.51046322028171,28.2728479215638
179.891,4.515,3.77578282475725,1.51140265759343,28.2546729121326
183.031,4.515,3.77864082320317,1.51072931458154,28.2294288698566
186.172,4.521,3.78126775961191,1.51137271764347,28.2170816120254
189.328,4.521,3.78368347477253,1.50850525648135,28.1971488231523
192.437,4.526,3.7866556359542,1.51130256699642,28.167643896255
195.562,4.526,3.78944190104195,1.50958173641661,28.1573207777389
198.719,4.531,3.79201514971556,1.51502003859972,28.1358104186782
201.859,4.531,3.79419431375602,1.51032548851248,28.1203294685479
204.984,4.537,3.79694630576355,1.51312130734928,28.1000178621407
208.141,4.537,3.7995436648519,1.51189123943639,28.0774450085516
211.297,4.542,3.80166563919064,1.51087970119859,28.0655849149189
214.453,4.542,3.80419233580429,1.51140485170291,28.0509534754247
217.625,4.542,3.806251173794,1.5140471358183,28.0287256647208
220.844,4.548,3.80855605211529,1.51000967620664,28.0075852162293
224.031,4.548,3.81065719574207,1.50908837163791,27.9895317035843
227.203,4.553,3.81295612374883,1.50911309705232,27.9654719048332
230.406,4.553,3.81469498375106,1.51079207489325,27.9523211857422
233.625,4.553,3.81682613025583,1.51172332959672,27.9332376803476
236.844,4.558,3.81874413830676,1.51020259333549,27.9151509782759
240.156,4.558,3.8200535803453,1.51177982170694,27.9027683605519
243.375,4.558,3.82228997513479,1.51315091821475,27.8934621092484
246.625,4.564,3.823508635699,1.51397465066873,27.8728024943726
249.922,4.564,3.82536122256752,1.50994330222316,27.8561284947681
253.187,4.564,3.82668763840678,1.50962797086018,27.8423187441479
256.469,4.564,3.82803970197008,1.51091089334251,27.8211433852411
259.781,4.569,3.82887736464221,1.51475395189933,27.7983906455511
263.062,4.569,3.83007694995903,1.50846690351444,27.7921237696287
266.391,4.569,3.83166520396002,1.50815556959787,27.7756430067811
269.703,4.569,3.83270750590724,1.51040017643001,27.7531803019619
273.062,4.569,3.83380640130687,1.50852305176036,27.74247994204
276.406,4.575,3.83463284078971,1.51145173697078,27.7267829837847
279.75,4.575,3.83562669353271,1.51328029837021,27.7072512722537
283.078,4.575,3.83609571349683,1.50801559091188,27.6950476229659
286.469,4.575,3.83702900812145,1.50903853835718,27.6857809662942
289.844,4.575,3.83790019947486,1.51119743587928,27.6787726389157
293.266,4.575,3.83860538747957,1.51015056484757,27.6588330469945
296.672,4.58,3.83919307673154,1.50988660706611,27.6365391793612
300.094,4.575,3.84020347040959,1.51090034336056,27.6289233394093
303.531,4.58,3.84053831164702,1.51214380771062,27.6089291616005
306.953,4.58,3.84137829738256,1.510665407189,27.6051237362421
310.375,4.58,3.84200935249459,1.51318603721955,27.5938727956379
313.844,4.58,3.84273256559139,1.50983428349598,27.57959013706
317.297,4.58,3.8434196330317,1.51063749933375,27.5544558725412
320.75,4.58,3.84382180709006,1.50978190451572,27.5492113754253
324.219,4.58,3.84459661697628,1.51271715236401,27.5325576729219
327.812,4.586,3.84507033854551,1.51080807251942,27.5306731591866
331.437,4.586,3.84611421786475,1.51193527956126,27.5313028388159
334.953,4.586,3.84664106263509,1.51010175501743,27.5187849673105
338.453,4.586,3.84745109356049,1.50851409839976,27.5014789668243
341.984,4.586,3.84779047816287,1.51069977889241,27.4902354412172
345.594,4.586,3.84824178383732,1.50926011081114,27.4771104278078
349.156,4.586,3.8489662898773,1.51093300870725,27.4722955591929
352.719,4.586,3.84951036197821,1.5109420769243,27.4655815049297
356.359,4.586,3.85021982174264,1.50942565648333,27.4486339152248
359.937,4.586,3.8510445971774,1.51069940846538,27.4398454335226
363.594,4.591,3.85149497892867,1.50852045308215,27.4283367916851
367.203,4.591,3.85219355011098,1.51066390949429,27.41657901467
370.875,4.591,3.85290430218457,1.50999046696981,27.3945005821998
374.484,4.591,3.85347022995316,1.50873275592528,27.3804901320774
378.156,4.591,3.85412182752702,1.51303326639115,27.3625271219011
381.844,4.591,3.85492185120064,1.50998828505804,27.3623363500121
385.547,4.591,3.85570663543058,1.51232884842559,27.3503041720631
389.219,4.596,3.85620807530722,1.51025535621807,27.3402004233318
392.922,4.596,3.85705819759138,1.51410091382987,27.3238867071973
396.625,4.596,3.85762866217959,1.51090019214403,27.3083022684527
400.391,4.596,3.85851973610109,1.50974935856591,27.2994647221511
404.156,4.596,3.85889546717757,1.51179333878707,27.2852680400236
407.922,4.596,3.85981736213769,1.51235507332476,27.2807089709881
411.703,4.596,3.86067997182347,1.50961277513195,27.2760936013749
415.469,4.596,3.86125139788394,1.51021566380822,27.262619190041
419.25,4.602,3.86209292628656,1.51002402836482,27.2540067526446
423.047,4.602,3.86282248552988,1.5082262029769,27.2499614367051
426.828,4.602,3.86345556075823,1.51104302501051,27.2405014841353
430.656,4.602,3.86428525080824,1.50880575422818,27.2305839920501
434.484,4.602,3.86493001226202,1.51007392371921,27.2100656904109
438.344,4.602,3.86567789379776,1.51310412646098,27.2073557447504
442.281,4.602,3.86626101505605,1.50962001305795,27.2007377204949
446.156,4.602,3.86698385917523,1.5106041089496,27.203001783215
450.109,4.602,3.86806456659742,1.51159677754446,27.1819866859756
454.016,4.607,3.86855481462282,1.50817961472687,27.1782908961113
457.969,4.607,3.86954222333279,1.50849017452188,27.1620350463988
461.891,4.607,3.87024631847562,1.5122273035538,27.1570908542776
465.844,4.607,3.87079634383831,1.51086426325542,27.1490043441902
469.844,4.607,3.87151311409766,1.51527988687658,27.1390169076978
473.828,4.613,3.87273527306904,1.51262728256541,27.1339918232792
477.844,4.613,3.87315512050218,1.51345602219481,27.1207449992266
481.891,4.613,3.87360955829801,1.51239152545779,27.1158225683799
485.969,4.613,3.87467804863465,1.50864727706564,27.1103682607385
490.031,4.613,3.87570474451537,1.51191739696873,27.1041735105819
494.141,4.613,3.87606184964073,1.51095149642296,27.0963424382744
498.219,4.613,3.87703536432939,1.51366985765855,27.0882028571647
502.297,4.613,3.87760065898684,1.51144350805311,27.0800386759901
506.453,4.618,3.87808821360251,1.50860864555968,27.0777467383182
510.594,4.618,3.8793675854358,1.51358094343546,27.0743687282113
514.703,4.618,3.87985880899666,1.51323736950154,27.0620725682771
518.828,4.618,3.88094739482987,1.51250086865396,27.0546308193908
522.969,4.618,3.88139657124564,1.51120319088228,27.0413212817066
527.141,4.618,3.88233481897016,1.51035438978114,27.0475215836986
531.359,4.623,3.88299433763038,1.51059066144342,27.0376024936241
535.562,4.623,3.88391978130613,1.51042810753221,27.0306452599209
539.844,4.623,3.88455486573939,1.50916911024458,27.0204970015063
544.062,4.623,3.88540513416046,1.51000022192837,27.0132416640942
548.359,4.623,3.8861285071194,1.50997558470202,27.0001569121812
552.641,4.623,3.8867717845297,1.51181171731994,26.9985615022801
556.922,4.623,3.88741030664675,1.5093469803353,26.9862307082962
561.25,4.623,3.88835071422579,1.51033993473383,26.9923912888761
565.562,4.623,3.88889962224878,1.51232518654018,26.986715273045
569.969,4.629,3.88985082517679,1.51120110549055,26.9863862558824
574.328,4.629,3.89069998207166,1.51150664531552,26.9686849929722
578.687,4.629,3.89180980793304,1.50844833206782,26.9694690414495
583.078,4.629,3.89221744813733,1.50868103922839,26.9553148556293
587.484,4.629,3.89306199501064,1.51071482125607,26.9508422507733
591.906,4.629,3.89348572609824,1.50819313475525,26.9460175546883
596.344,4.629,3.89456527675196,1.51054156938724,26.9443367739662
600.781,4.629,3.89550529731778,1.50972823594759,26.9353488486347
605.25,4.634,3.89599566661441,1.5106488786546,26.9253291289562
609.797,4.634,3.89693904933169,1.51040458544013,26.9222844342876
614.266,4.634,3.89751408554985,1.51209644885966,26.9183515165547
618.797,4.634,3.89853298250091,1.51059312529841,26.9210974307951
623.344,4.634,3.89913314744663,1.51090005889634,26.8989044277373
627.969,4.64,3.89998659626068,1.50850112136717,26.8973718276164
632.547,4.64,3.9006432055085,1.51165360650057,26.8961078862005
637.109,4.64,3.90143166522671,1.51249621344082,26.8879896455122
641.703,4.64,3.90220024857403,1.510076664037,26.8842433854984
646.359,4.64,3.90326475526897,1.50869592095048,26.8792598557701
651.031,4.64,3.90354991339882,1.50744694936722,26.8730359468529
655.719,4.64,3.90464957476435,1.50877708173627,26.8674839830145
660.422,4.64,3.90535863460906,1.51257234952402,26.8585045009558
665.109,4.64,3.9059189709024,1.50948406798001,26.8502237743648
669.797,4.645,3.90679639200326,1.50895832719421,26.8459078692573
674.5,4.645,3.90754028955077,1.505745732225,26.8362182847969
679.219,4.645,3.90877982782292,1.50784570716708,26.8386768637175
683.984,4.645,3.90923832903337,1.50995665049846,26.8221672151122
688.766,4.645,3.91006628907269,1.50880861481084,26.8238451353398
693.609,4.645,3.91088354902278,1.50631505447504,26.8180427972921
698.453,4.645,3.91155420417852,1.51007375842269,26.8132825609587
703.359,4.65,3.91218703868399,1.50961473788575,26.8063841176256
708.203,4.65,3.91315809208899,1.51296765533391,26.7996226764394
713.094,4.65,3.91387194665669,1.51144677555394,26.7995615970013
717.953,4.65,3.91471094621039,1.51132819929063,26.7978047880928
722.859,4.65,3.91537901596939,1.5147618842436,26.7805758644518
727.812,4.65,3.91591468612986,1.50752187162898,26.7785865492173
732.828,4.656,3.91676930376028,1.51335400066825,26.7742686875072
737.812,4.656,3.91756552129432,1.51235695238068,26.7684755787352
742.812,4.656,3.91809690751458,1.51078813194337,26.7687835546775
747.844,4.656,3.91916880139247,1.50956377870365,26.7645493624992
752.891,4.656,3.91967877271476,1.51254956864415,26.757620461401
758.016,4.656,3.92024547111075,1.50957291831621,26.7665456688043
763.062,4.656,3.92110277240893,1.51256458683262,26.7476931927092
768.125,4.656,3.9215937166988,1.51028232740024,26.742666549458
773.219,4.661,3.92269016928136,1.51144376019597,26.7303782681881
778.359,4.661,3.92309873510416,1.50930063566349,26.7302911933856
783.531,4.661,3.92394272810906,1.51291454242379,26.7216102440553
788.703,4.661,3.92447346970381,1.50985524755278,26.7293494767886
793.906,4.661,3.92499853664178,1.51129392911267,26.7167181328796
799.125,4.661,3.92565295715415,1.51019426906731,26.713136509648
804.359,4.661,3.92649253305764,1.50821166280496,26.7052131643916
809.609,4.661,3.92709257841224,1.51235051850151,26.7050100933139
814.922,4.661,3.92762710832694,1.51362263552258,26.7046517760975
820.234,4.661,3.92820416744404,1.50946082894264,26.6915668725147
825.578,4.667,3.92887489001277,1.51306151443621,26.6948855022257
830.906,4.667,3.92967168054157,1.50897045445114,26.6883358766983
836.25,4.667,3.93022506882927,1.51062983064238,26.6826233621334
841.625,4.667,3.93047684164786,1.50855415554851,26.6682180429917
847.031,4.667,3.93178627824998,1.50830114108334,26.6677314783195
852.531,4.667,3.93208084641727,1.50670524913295,26.6630790136734
857.937,4.667,3.93267103198773,1.50802070293771,26.6586753204695
863.391,4.667,3.93282227827823,1.51143198718819,26.6494135630003
868.891,4.667,3.93398272430914,1.50604082132493,26.6501496287654
874.375,4.672,3.93434711359268,1.51044601117891,26.6389099733045
879.922,4.672,3.93499008522641,1.51176108185081,26.6392540952572
885.516,4.672,3.9353439448206,1.5112275602719,26.6380551443471
891.125,4.672,3.93588512663493,1.51379493802188,26.6350712641466
896.75,4.672,3.93674121570369,1.51160424375953,26.6246275635454
902.422,4.672,3.93721276607193,1.51221471723032,26.6319264562014
908.062,4.672,3.93781694515001,1.51168939142049,26.6241951320427
913.719,4.672,3.93830821891758,1.50991589248797,26.6285006813345
919.422,4.672,3.93860338510524,1.50982409660256,26.6298220979133
925.203,4.677,3.93905345462934,1.50965056364341,26.6291910309046
931.078,4.677,3.93973322372103,1.51389444757614,26.6185097205532
936.844,4.677,3.94031115629614,1.51089260251743,26.6034417329352
942.641,4.677,3.94095877850024,1.51125868402922,26.5974285019449
948.453,4.677,3.94134292073162,1.5085937729724,26.5980025328415
954.312,4.677,3.94192102644654,1.51148849125724,26.5932819814767
960.187,4.677,3.94253804084907,1.51078812990196,26.5900120388021
966.031,4.677,3.9428710810382,1.50943568257043,26.5889107722065
971.937,4.677,3.94343670591373,1.50944085393537,26.582308937446
977.875,4.677,3.94426855221344,1.51011322197601,26.5790420939199
983.844,4.683,3.94466030650417,1.51074749183655,26.5741415261403
989.828,4.683,3.9451673919146,1.50920145504182,26.5757071830713
995.812,4.683,3.94558611945098,1.510714646734,26.577600627758
1001.891,4.683,3.9459218263657,1.50991124674905,26.5708838342811
1007.875,4.683,3.94644738274543,1.5126553606513,26.5718199461399
1013.922,4.683,3.94704158646502,1.5096332787627,26.5643506389122
1019.984,4.683,3.94757504875472,1.51201450648044,26.5689926222023
1026.109,4.683,3.94807443093858,1.51177032765791,26.5688762226015
1032.187,4.683,3.94866689891313,1.51351592395065,26.5677892556666
1038.391,4.683,3.94910871714481,1.51138797549237,26.55343540861
1044.547,4.683,3.94967171219021,1.50704472438272,26.5524812815051
1050.797,4.683,3.9503692552497,1.51395380776545,26.5536826990844
1057.062,4.688,3.95070647046803,1.51150422407721,26.5594176057642
1063.359,4.688,3.95096447752822,1.51068440865856,26.5584331643763
1069.641,4.688,3.95166061385899,1.51136029723303,26.5541527798761
1075.922,4.688,3.9523150575141,1.51040794741222,26.5541396459331
1082.234,4.688,3.95268425952142,1.51233270138252,26.5560618170252
1088.594,4.688,3.9532043050364,1.50882051158121,26.5592595501915
1095.047,4.688,3.95413389122097,1.51320943066241,26.5563038880139
1101.422,4.688,3.95409665602291,1.50855707918702,26.5576983875098
1107.844,4.688,3.95494816672033,1.50892119732232,26.5586824420677
1114.266,4.688,3.95524124954614,1.51209751395118,26.5530127641658
1120.75,4.688,3.95580772279473,1.51222014448191,26.5593578035835
1127.281,4.688,3.95651290119917,1.50997869784541,26.5599584416172
1133.844,4.688,3.95690689340034,1.51027858746414,26.5559092527413
1140.406,4.694,3.9576030229949,1.51138612103965,26.5529681415652
1146.969,4.694,3.95827379270817,1.51138689033614,26.5503300139962
1153.578,4.694,3.95870479337827,1.50785199011785,26.5562100830887
1160.172,4.694,3.9592325039108,1.512433070175,26.5567834115633
1166.797,4.694,3.95975963476616,1.5110504230518,26.5536988209414
1173.562,4.694,3.96049422166515,1.51245505072969,26.555735460774
1180.312,4.699,3.96077964755189,1.5104341102582,26.5619401978961
1187.031,4.699,3.96158665709994,1.51177959369349,26.5599051820653
1193.797,4.699,3.96209762421602,1.51051959021343,26.5625391777168
1200.609,4.699,3.96248369574435,1.5076683148958,26.5625671594451
1207.406,4.699,3.96322984016527,1.51117733940109,26.5620534325567
1214.297,4.699,3.96369277168361,1.50982135542411,26.5664176669397
1221.172,4.699,3.9644390746561,1.50825352939325,26.5628841166038
1228.078,4.699,3.96474405603015,1.50953600968754,26.5669128157595
1234.969,4.699,3.96535188813214,1.50988059956971,26.5705336479329
1241.875,4.699,3.96621572973454,1.5130343884733,26.5666195827348
1248.844,4.704,3.96680802677485,1.5111626612899,26.5749604986001
1255.828,4.699,3.96727020624198,1.51059838941848,26.5828408440622
1262.859,4.704,3.96800470291708,1.51166911407348,26.5731449938157
1269.891,4.704,3.96861282456239,1.51000613745432,26.5795198114229
1276.953,4.704,3.9689035857684,1.51004120731595,26.5766884122926
1284.078,4.704,3.97008605554834,1.50887710991352,26.5850636448245
1291.156,4.704,3.97055965262347,1.51244039199143,26.5858262881929
1298.297,4.704,3.97077366030301,1.50903684048458,26.5849084238904
1305.469,4.704,3.97145083462577,1.50873917407664,26.5873696637797
1312.719,4.704,3.97202655123151,1.51119252200534,26.5897051525857
1320,4.71,3.97308656315142,1.51086929720748,26.5942408576621
1327.297,4.71,3.9733940644412,1.50990477827761,26.599989382767
1334.547,4.71,3.97389914826693,1.51037569136022,26.6019374733659
1341.859,4.71,3.97450517715851,1.51068571900901,26.6058798224725
1349.203,4.71,3.97535516283624,1.51044575923708,26.6106487736779
1356.547,4.71,3.97593929508962,1.51075541893704,26.6102800487301
1363.937,4.71,3.97661927547636,1.50979810860394,26.6250541583503
1371.406,4.71,3.97722089392814,1.51131272806917,26.6263335951636
1378.953,4.71,3.97773015688093,1.50987920032468,26.6330719495412
1386.453,4.715,3.97833650267862,1.51350470869722,26.6334954020587
1393.953,4.715,3.97915527652445,1.51101983389945,26.6474868958446
1401.469,4.715,3.97966828673679,1.50864619173888,26.6571424525681
1408.984,4.715,3.98059877131302,1.51258540834128,26.6608192901037
1416.531,4.715,3.9805362234238,1.50907563478806,26.660595770883
1424.094,4.715,3.98121926961073,1.51176874090716,26.6659601607528
1431.719,4.715,3.98217985336821,1.51014538429947,26.6661563514024
1439.359,4.715,3.98275808565095,1.51069627037981,26.6694963909098
1447,4.715,3.98313625832491,1.51225405966692,26.66985396326
1454.734,4.721,3.98383146526794,1.51279953425499,26.6833084592833
1462.422,4.721,3.98467115245725,1.50881221017559,26.6878048659183
1470.172,4.721,3.98488692145083,1.50995045686749,26.6923636098344
1477.984,4.721,3.98589643339144,1.51090547433129,26.6987658263909
1485.828,4.721,3.98639724859591,1.51133139381491,26.7069893103908
1493.687,4.721,3.98734179860097,1.51311564667284,26.708242317006
1501.625,4.721,3.98766962663517,1.51339717663141,26.7188744798724
1509.484,4.726,3.98825425360324,1.50916473897821,26.7217923233853
1517.312,4.726,3.98906427622259,1.50949440018099,26.7268221751459
1525.172,4.726,3.98972513745803,1.51122028391164,26.7369820360992
1533.078,4.726,3.9901771541878,1.51040700524793,26.7478420568256
1541.078,4.726,3.99110040075783,1.51324040763651,26.745143304542
1549.031,4.726,3.99163626096194,1.51306443855654,26.7562856606845
1557.047,4.726,3.99214606610088,1.51303006518846,26.7688742737933
1565.141,4.726,3.99293729374608,1.51088463926117,26.7697892611859
1573.203,4.726,3.99334784400298,1.50896462316696,26.780654083903
1581.297,4.731,3.99409652622588,1.5107266413006,26.7835541797458
1589.453,4.731,3.99491959465896,1.51248953383951,26.7878929859715
1597.594,4.731,3.99520062881132,1.5098865214507,26.8000940238594
1605.781,4.731,3.99610529117066,1.51171012113736,26.8050449645155
1613.781,4.731,3.99643013698887,1.50999599065073,26.8146532693483
1621.844,4.731,3.99756688278663,1.51112103831406,26.8251908396033
1629.844,4.731,3.99804849621411,1.50974823971745,26.8401029504642
1637.906,4.731,3.99884020694845,1.51689394456505,26.8486975458059
1646,4.737,3.99950240241987,1.50935456071538,26.8409016807839
1654.125,4.737,4.0001307279494,1.51146707554946,26.8563416124252
1662.312,4.737,4.00073233551437,1.50959377770977,26.8574503574058
1670.609,4.737,4.00170394238632,1.50875676178412,26.8650985721752
1678.797,4.737,4.00224456536346,1.50820062432282,26.8784665056501
1687.047,4.737,4.00281190857776,1.51178874394725,26.8841089178692
1695.344,4.737,4.00356573971417,1.50875606012036,26.8867086755049
1703.641,4.737,4.00388478912631,1.50985447828504,26.8904445584737
1711.984,4.742,4.00493577162193,1.50630059039229,26.8983185660051
1720.406,4.742,4.0051531136278,1.51509132608911,26.9140865996427
1728.828,4.742,4.00618647626721,1.51067809248569,26.9258553558428
1737.281,4.742,4.00676578309161,1.51110759603504,26.9352489866718
1745.766,4.742,4.00762937601201,1.51128284300078,26.9314490309106
1754.266,4.742,4.0083339713915,1.5107816190161,26.9553004499629
1762.797,4.742,4.00910679930573,1.51009880832424,26.9656351987065
1771.391,4.748,4.00986721474547,1.51039984058786,26.9712790392634
1779.953,4.748,4.01075224735573,1.51127243646184,26.9815975154222
1788.609,4.748,4.01127489527406,1.5144712434742,26.9972235238852
1797.312,4.748,4.01210060959484,1.50666023188624,27.0097565092152
1806.062,4.748,4.01295620758997,1.51079074420748,27.0169860543047
1814.547,4.748,4.01366279852694,1.50794565547569,27.0174616904631
1823.078,4.748,4.01436639103356,1.50946387379629,27.0260378864271
1831.687,4.753,4.01521609585039,1.50982998935284,27.0426926056472
1840.25,4.748,4.01588435994739,1.51123975811414,27.0571306340152
1848.891,4.753,4.01678238437959,1.50927769251238,27.0498599283518
1857.531,4.753,4.0173842770532,1.50974876573519,27.0761479977138
1866.266,4.753,4.0182011866908,1.51178559080783,27.0826438157412
1874.969,4.753,4.01906930310596,1.50930585141225,27.0805180705277
1883.75,4.753,4.01982447191988,1.51053321285835,27.0982716516275
1892.687,4.753,4.0205957152337,1.51210328593279,27.1079606224652
1901.531,4.758,4.02158314005796,1.5088989693743,27.119242578657
1910.359,4.758,4.02204386513328,1.5093313733335,27.1258345883095
1919.266,4.758,4.02340588691127,1.51420642904011,27.1394077856104
1928.203,4.758,4.02389048522999,1.51114443191507,27.1560603622239
1937.234,4.758,4.02468002730786,1.50850027341915,27.1504495677375
1946.187,4.758,4.02563253235199,1.51269643780956,27.1612022182929
1955.219,4.758,4.02647082635187,1.51119558433254,27.1804519681911
1964.281,4.764,4.02741509424068,1.51261265751232,27.1927147325272
1973.375,4.764,4.02799788942049,1.50897183389755,27.1916180866621
1982.562,4.764,4.02917338996644,1.51118703513258,27.2084973131213
1991.75,4.764,4.03017782660924,1.50895172538446,27.2211482569297
2001.047,4.764,4.03096016367702,1.51127221592313,27.2261798155334
2009.625,4.769,4.03195962283701,1.51151813740366,27.2419466498995
2018.266,4.769,4.03271730895641,1.50523830673815,27.2489502393124
2026.875,4.769,4.03374828208455,1.51048105540606,27.2573889713385
2035.594,4.769,4.03452709787461,1.51071308224068,27.2753249002095
2044.266,4.769,4.03563387848569,1.51030390130263,27.2803471105203
2053.016,4.769,4.03649943523536,1.50847118090712,27.291373820398
2061.781,4.775,4.03714480980893,1.5073805078156,27.3006878756883
2070.641,4.775,4.03810051406719,1.51317309298505,27.3043064715705
2079.437,4.775,4.03908768842295,1.50971488822559,27.3129282605989
2088.312,4.775,4.03997768705801,1.50622440049033,27.3289905643394
2097.203,4.775,4.04122997667626,1.51087426048872,27.3499227490482
2106.125,4.775,4.04211147082826,1.51243786936655,27.3642733927901
2115.062,4.78,4.04266830435788,1.50956148909092,27.370719376354
2124.094,4.78,4.04392240480204,1.51197021356389,27.382929895541
2133.156,4.78,4.04459649976941,1.50912856639223,27.3907786595061
2142.25,4.78,4.04551092307087,1.51056871810579,27.4002002793775
2151.328,4.78,4.04652087656976,1.51263974999093,27.4112759961311
2160.422,4.785,4.04756488390796,1.51071907669299,27.4204629665817
2169.562,4.785,4.04854278903285,1.50961856757606,27.429521300672
2178.719,4.785,4.05010193796663,1.51319975565443,27.4425577924116
2187.953,4.785,4.05098109353822,1.51029123507488,27.4572797444796
2197.172,4.785,4.05184211993739,1.51233342900461,27.4708521546974
2206.453,4.791,4.05291943253793,1.5083151974991,27.4837030578676
2215.781,4.791,4.05410513469948,1.51280700353269,27.4897209675878
2225.156,4.791,4.05506415681603,1.50788649744242,27.5018704784062
2234.578,4.791,4.05609410811891,1.50612050108887,27.5173821299339
2244,4.791,4.05737859449808,1.51142394978792,27.5239912989387
2253.5,4.791,4.05856273124623,1.50934802395677,27.5547586460763
2263,4.791,4.05970295639923,1.50978605968603,27.5476791392961
2272.5,4.796,4.06057997551018,1.50945125774667,27.5671990998073
2282,4.796,4.06173777181488,1.51088111954824,27.5796220296852
2291.609,4.796,4.0632414625835,1.51276133924287,27.5896862822462
2301.281,4.802,4.06412299737536,1.51039724121433,27.6008259179893
2310.969,4.802,4.06549803756177,1.51120800105721,27.6115988999616
2320.656,4.802,4.06661321617886,1.51052267021096,27.6265584926761
2330.391,4.802,4.06774308307149,1.51116703077673,27.6311164311374
2340.141,4.802,4.06877235577587,1.50708256428827,27.6431959929499
2349.922,4.807,4.07047247049244,1.51294830490254,27.6660701222531
2359.734,4.807,4.07124983839077,1.51051417734753,27.6710597470425
2369.594,4.807,4.07238553897963,1.51288235131537,27.6849270753267
2379.469,4.807,4.07391002434669,1.5120768707503,27.6931900348763
2389.406,4.812,4.07500200513668,1.51008679791726,27.7060974517214
2399.359,4.812,4.07650570706469,1.50913038404357,27.7240744779436
2409.406,4.812,4.07789413457871,1.5076382099059,27.7281015191712
2419.437,4.812,4.07911621702073,1.51094621857662,27.740184902853
2429.547,4.818,4.08033761735394,1.51086781277807,27.7470309143658
2439.625,4.818,4.08185845263615,1.50835562699469,27.760720794439
2449.812,4.818,4.083171275951,1.51134068846999,27.7767502062235
2459.969,4.818,4.08440536965726,1.50978663391909,27.7933551916359
2470.156,4.818,4.08596700347196,1.51120375765118,27.8100899661088
2480.437,4.823,4.0874483098147,1.50777651055746,27.8266034636962
2490.766,4.823,4.08882246194833,1.51512353183406,27.8355509329013
2501.187,4.823,4.08980080127874,1.51081163984396,27.8396132680138
2510.859,4.829,4.09163970437028,1.51121784462288,27.8527046798727
2520.562,4.829,4.09292246822556,1.51231237992968,27.8719004190665
2530.375,4.829,4.09403801008837,1.50466625601787,27.8755181112813
2540.141,4.829,4.09568730671195,1.51249154900017,27.8869429682575
2549.969,4.834,4.09684934622958,1.51487599303214,27.8952924876009
2559.859,4.834,4.09825673902158,1.51301137424471,27.9063324995728
2569.766,4.834,4.09963777469821,1.50913080846403,27.9279025719605
2579.672,4.834,4.10095555512509,1.51189037575938,27.9261690556805
2589.656,4.834,4.10252450390589,1.51000750777304,27.9424475879997
2599.641,4.839,4.10401412343731,1.51105186740736,27.9554391806653
2609.734,4.839,4.10530131405335,1.51051875789191,27.967421638315
2619.781,4.839,4.10681305043569,1.51303384357892,27.9890175291159
2629.844,4.845,4.10820370168316,1.51051812060374,27.9970449853304
2640.031,4.845,4.11005270089429,1.51326900437884,28.0116865330293
2650.172,4.845,4.11132010711243,1.51169369241758,28.0315540254982
2660.391,4.85,4.1125091164538,1.50863486504574,28.0426080665489
2670.687,4.85,4.11444257978312,1.5122395973298,28.0445232318033
2681,4.85,4.11609553779049,1.51203760016287,28.0655243161472
2691.344,4.85,4.11742331035726,1.51166849470281,28.0805263915078
2701.672,4.856,4.11915625163023,1.51333850263458,28.0897456577779
2712.094,4.856,4.12050361389998,1.51092603261964,28.106960521006
2722.469,4.856,4.12217308529331,1.51091899577302,28.1211216635339
2732.906,4.861,4.12365014539042,1.50993222556283,28.1356953252719
2743.406,4.861,4.12508189432495,1.51039803684743,28.1489755202168
2753.984,4.861,4.12676824475586,1.51239151681281,28.1607293105513
2764.594,4.861,4.12849497685684,1.50984618135307,28.1817287518924
2775.203,4.866,4.13032240041372,1.50984424571554,28.1841876729471
2785.828,4.866,4.13149555879546,1.50694739610734,28.2002416792085
2796.5,4.866,4.13323815949704,1.5107273945379,28.2082218056628
2807.172,4.872,4.13493005961493,1.51105590961488,28.2229424805638
2817.953,4.872,4.13634463579178,1.5137886806353,28.2358931130293
2828.703,4.872,4.13829776911362,1.51114945338183,28.2459254887026
2839.469,4.877,4.13969280757224,1.50888405868754,28.2710323962601
2850.328,4.877,4.14152952924361,1.51103079349446,28.2802921272972
2861.234,4.877,4.14317276930804,1.51130215384732,28.2892343451364
2872.094,4.877,4.14456689940968,1.51281421540216,28.3115851594471
2883,4.883,4.14638954845729,1.51268107179678,28.3154735897531
2894,4.883,4.14788387322546,1.51149942362446,28.3304378180563
2905.047,4.883,4.14980225521992,1.51414093272279,28.3443967993478
2916.094,4.888,4.15178288232185,1.51264741552165,28.3634314473354
2927.156,4.888,4.15316193757539,1.51007897434294,28.378791153293
2938.359,4.888,4.15460293940101,1.51014246529615,28.3991771315891
2949.484,4.893,4.15667182925569,1.50957344970825,28.4105861592043
2960.734,4.893,4.15808708499105,1.51050725297628,28.4259565025292
2971.937,4.893,4.16002833547069,1.51300159725018,28.4480033691785
2983.187,4.899,4.16131619525054,1.5100758564119,28.4686715303089
2994.594,4.899,4.16318804811059,1.5131557614133,28.4817556213443
3005.906,4.899,4.16545509340808,1.51109483041303,28.4950239802473
3016.625,4.904,4.1667502787494,1.50962730353761,28.5141530171975
3027.406,4.904,4.16826401373618,1.51325108645923,28.5359793827959
3038.203,4.904,4.17002728593847,1.51020895932818,28.548256353217
3049.031,4.904,4.17141496840066,1.51149157758454,28.568068851907
3059.828,4.91,4.17331465618198,1.51224861613047,28.5918159635086
3070.719,4.91,4.17454860278236,1.51028906316786,28.6154464734403
3081.609,4.91,4.17609388627076,1.51049485988449,28.6444569244072
3092.625,4.915,4.17794877626831,1.51188255997755,28.6586810928586
3103.641,4.915,4.17963758180267,1.51478124329146,28.6841543360395
3114.672,4.915,4.18135730792949,1.50994348982823,28.7010355019181
3125.766,4.921,4.18282229617373,1.51234832781319,28.7207135062382
3136.906,4.921,4.18456630588906,1.51227781014951,28.7461376112758
3148.031,4.921,4.18620213327516,1.51153439125059,28.7764399512651
3159.297,4.926,4.18801302011686,1.51258342949535,28.8004429604146
3170.547,4.926,4.18959826318783,1.50972056573113,28.8306458793838
3181.781,4.926,4.19152268827973,1.50960718732548,28.8626505317017
3193.031,4.926,4.19310375364387,1.5115610737368,28.8977570323734
3204.406,4.931,4.19500236173324,1.50937443870095,28.91770302375
3215.797,4.931,4.19664045280375,1.51108618279061,28.9514990266528
3227.312,4.931,4.19837717450523,1.51170085629835,28.9719160193793
3238.719,4.937,4.20051257236864,1.51139031492154,29.0047017218984
3250.594,4.937,4.20199915415335,1.51269327185487,29.0217385609661
3262.25,4.942,4.20390720677655,1.50847354222526,29.0626139793177
3273.969,4.942,4.20591019861779,1.51022661994055,29.092345971809
3285.797,4.937,4.20681137533953,1.50094589963245,29.1265954632131
3297.562,4.931,4.20767159283193,1.48792378339342,29.1512510729708
3309.453,4.926,4.20832036263455,1.47461910326588,29.170469467716
3321.344,4.921,4.20911514502189,1.46201706203178,29.1949955324963
3333.25,4.915,4.20973079281971,1.45341779497477,29.2184077980199
3345.234,4.91,4.21037751776405,1.4356997823587,29.2351940160894
3357.578,4.904,4.2106537484296,1.42516667022383,29.2609038426616
3369.703,4.899,4.21141632907571,1.41034273675027,29.2770633975331
3381.891,4.893,4.21200511446901,1.39986497218212,29.2890882625805
3394.125,4.883,4.21146405713108,1.37758251559693,29.3014875681825
3406.734,4.877,4.21222322552141,1.36566151743592,29.3138752309345
3419.156,4.866,4.21206821300837,1.3431579251648,29.3345565851622
3431.594,4.856,4.21136567503295,1.3202415848129,29.3305344665626
3444.094,4.85,4.21193276036792,1.3062782582739,29.3250612618509
3456.609,4.839,4.21144016257359,1.28579568048828,29.3292643430809
3469.281,4.834,4.21170632946953,1.27656036075224,29.326472941681
3481.953,4.829,4.21209896359588,1.26329282194175,29.3172222731875
3494.625,4.823,4.21228977129577,1.24860980970161,29.3061748176698
3507.328,4.812,4.21223718954858,1.2291917769323,29.2900385128233
3519.375,4.802,4.21145630301378,1.20425878735847,29.2844615743572
3531.422,4.796,4.21186714802769,1.19209424352483,29.2665396238883
3543.547,4.791,4.21220702074861,1.18380123407739,29.2607672394784
3555.75,4.785,4.21235027604806,1.16949656938588,29.2306644633124
3567.969,4.78,4.21278804660996,1.15767079638729,29.2167512436314
3580.25,4.769,4.2122913520221,1.134155066676,29.1831629338582
3592.531,4.764,4.21262517559683,1.12470041309227,29.1664044192365
3604.922,4.753,4.2120903387161,1.10153147200934,29.1360124770172
3617.391,4.748,4.21217819212311,1.08814848118348,29.1038392832683
3630.266,4.742,4.21260508067833,1.07727069904593,29.0748561311563
3642.891,4.731,4.21197097410356,1.06087003903449,29.0396589608815
3655.531,4.726,4.21205286397852,1.04593851625116,29.0035520122131
3668.156,4.721,4.21214307649327,1.03287253879216,28.9792602302622
3680.766,4.715,4.21219820968142,1.02311169231919,28.9456355417325
3693.484,4.71,4.21241237085659,1.01030562157034,28.9055550717905
3706.297,4.704,4.21257984559512,0.999792565133581,28.8691243845339
3719.203,4.694,4.21190754167901,0.977036361419192,28.8358667164725
3732.297,4.688,4.21167990865298,0.968772222209757,28.790615968567
3745.453,4.683,4.21188877874301,0.954456613960586,28.7386686125796
3758.672,4.677,4.21169327447508,0.94212784479632,28.7079784964819
3771.969,4.672,4.21188918992406,0.933729834283865,28.6676778778169
3785.219,4.667,4.2117895997479,0.919645733499037,28.6320875208247
3798.562,4.661,4.21170045540728,0.908255436881834,28.5928517402793
3811.984,4.656,4.21174600987771,0.897896089927166,28.5539777467008
3825.391,4.65,4.21193034883985,0.884837672931464,28.5148779695171
3838.828,4.645,4.2118922967372,0.870775397168694,28.4738038591587
3852.281,4.64,4.21161554341251,0.863006581465453,28.4324619201019
3865.812,4.634,4.2116442851335,0.851465047231518,28.3888826275595
3879.406,4.629,4.21154481857453,0.837022708585777,28.3627496783199
3892.984,4.623,4.21141297950396,0.829382787431524,28.3211985027092
3906.703,4.618,4.21130320386408,0.818226417729021,28.2782729057741
3920.406,4.613,4.21111050922101,0.80668403403108,28.2364666169722
3934.156,4.602,4.2108419030635,0.793372564065859,28.1968248691293
3948,4.602,4.21062657653928,0.783478464286795,28.1501893648998
3961.781,4.596,4.21045595057743,0.774450878949649,28.1259077612135
3975.687,4.58,4.20963592589633,0.753337140667415,28.084934838932
3989.625,4.575,4.20835802334331,0.731873739117097,28.0500068825496
4003.547,4.575,4.20883660031092,0.733111561841745,28.0074257210889
4016.844,4.569,4.20915749832269,0.728558993536161,27.9815750264904
4030.172,4.575,4.20966402190021,0.732498418535951,27.9436496138533
4043.625,4.569,4.20975570418454,0.717274553507584,27.9140156258874
4057,4.558,4.20849455869823,0.696245838762847,27.8858633250961
4070.516,4.558,4.20880516591111,0.695908050146721,27.8607278532787
4084.062,4.548,4.20877254788746,0.686520021119851,27.8083145780115
4097.547,4.542,4.20842573843532,0.673306938734958,27.7788970709463
4110.984,4.537,4.20800883093455,0.665552304813258,27.7487975376219
4124.594,4.537,4.20769944000574,0.652125963337633,27.7291486052628
4138.172,4.531,4.20818710659909,0.652029840023376,27.6908284557637
4151.828,4.537,4.20876644753544,0.650447442713652,27.6561986485204
4165.656,4.537,4.20922802905734,0.649587763178159,27.6433944795465
4179.422,4.531,4.20906396558213,0.641725929992424,27.5975738570743
4193.25,4.531,4.20968209035656,0.638147465829078,27.5710067149495
4207.156,4.526,4.20948565581588,0.625888666232653,27.5407515342356
4221.047,4.515,4.20936147205523,0.614925264337978,27.5250311221809
4234.812,4.51,4.20883435995346,0.604881266603221,27.4983479624366
4248.844,4.51,4.20856061788578,0.59477173211495,27.4650077251213
4262.953,4.51,4.20904038125232,0.595568432643399,27.437174238997
4276.969,4.51,4.20955632387142,0.590327187496662,27.4117946235741
4291.156,4.499,4.20920081881291,0.579500816698878,27.3897242082814
4305.375,4.494,4.20898799695618,0.569631527441977,27.3587858821938
4319.578,4.488,4.20861183338712,0.55922462938907,27.3374080799908
4333.891,4.483,4.20828695229111,0.551590167516807,27.3028433290157
4348.141,4.483,4.20781687830339,0.54195317150673,27.2759395141986
4362.484,4.472,4.20728433448382,0.527749749836978,27.2604760393714
4376.859,4.467,4.20672589570094,0.517120350150217,27.2212442048811
4391.203,4.461,4.2063966068669,0.508030445980552,27.2010976956837
4405.578,4.456,4.2057928463988,0.499900724070846,27.1794095258848
4419.875,4.45,4.20539035032444,0.487043852959431,27.1507098870749
4434.156,4.445,4.2046383560544,0.476191500539561,27.123556494123
4448.531,4.44,4.20399224774293,0.466343657897368,27.1046356460332
4462.891,4.44,4.20428371216527,0.467034848524244,27.0735270575408
4477.281,4.44,4.20427304948359,0.464179484651629,27.0472853488799
4491.734,4.44,4.20451977262985,0.466228039471534,27.0304832214241
4506.25,4.44,4.20535745537097,0.463695940891563,27.0013004721351
4520.109,4.44,4.20543540794734,0.461719781974386,26.9827647996148
4534.187,4.44,4.20596173780547,0.460403419253958,26.9525596696928
4548.391,4.434,4.20568016380422,0.45234502847146,26.940436241528
4562.578,4.429,4.20493992842699,0.438558615177986,26.908893783707
4576.891,4.429,4.20539954036689,0.441036004635156,26.8994151422261
4591.234,4.429,4.2055482810007,0.437152218449905,26.868463917872
4605.641,4.429,4.20637825441745,0.430951379221147,26.8395441534121
4620.016,4.423,4.20584579638091,0.424126454114342,26.81987652277
4634.469,4.418,4.20499274740473,0.417412953187934,26.7890161782234
4648.891,4.418,4.20557572934882,0.416088103654935,26.7817218152085
4663.391,4.413,4.20491207588291,0.40728393055432,26.7588954111345
4677.906,4.413,4.20520470777358,0.407483387188185,26.7313721342417
4692.484,4.413,4.20538481552349,0.405039276863283,26.709236017619
4707.141,4.413,4.20553474926323,0.404221951316491,26.695498515568
4721.812,4.413,4.20638025636688,0.400817236045432,26.670438900954
4736.531,4.407,4.20576423398492,0.392333100112339,26.646781612303
4751.328,4.402,4.20539066004613,0.382315969239366,26.6248148558484
4766.125,4.402,4.20563611379935,0.381063082011226,26.6094734750179
4781.016,4.396,4.20496714292099,0.371990110752623,26.5819865633139
4795.828,4.396,4.20513170418548,0.371305096032155,26.5696087433675
4810.781,4.396,4.20545871064167,0.372098535154759,26.550024675369
4825.75,4.396,4.20577578969379,0.371146280400377,26.5328312872474
4840.75,4.391,4.20537821375882,0.35894068773271,26.5139329618105
4855.75,4.391,4.20547111474045,0.361538347726174,26.4984168556786
4870.891,4.391,4.2059500941146,0.356827513567582,26.4603232693434
4886.016,4.386,4.20565683322796,0.347714836177549,26.4484006328389
4901.312,4.38,4.20488710949259,0.338303525290549,26.4275304415846
4916.5,4.38,4.20488070499403,0.337057548052857,26.4130945517302
4931.766,4.38,4.20501959352306,0.335206772372927,26.3872550650713
4947.016,4.38,4.20536166400491,0.335927370695232,26.3644811930359
4962.375,4.38,4.20566285153914,0.335403418641759,26.3534721895124
4977.844,4.375,4.20536162061503,0.324598800541895,26.3218039116422
4993.141,4.375,4.20521900077509,0.327409564123157,26.31446924002
5008.469,4.375,4.2057205802342,0.325959307491944,26.2965480896093
5022.828,4.369,4.20507430832594,0.314292149421554,26.2765638454658
5037.156,4.369,4.20505968751553,0.315662998007964,26.2570420180429
5051.484,4.369,4.20550606558403,0.313357162334769,26.2408332381855
5065.922,4.369,4.2054696725939,0.312996838549613,26.221103558588
5080.375,4.369,4.20599594975893,0.309806712479725,26.2101823641233
5094.797,4.364,4.2054305435095,0.300064969389091,26.1841625760237
5109.281,4.364,4.20556173688399,0.300276574728811,26.1756222214262
5123.812,4.359,4.20499853675043,0.292777287197483,26.1538321811254
5138.391,4.359,4.20509942862052,0.288902917753968,26.1423732796211
5153,4.359,4.20534015634452,0.289751939298584,26.1257547626175
5167.687,4.359,4.20582616661178,0.28984062078844,26.1137659555747
5182.469,4.359,4.20563932651356,0.287937065630102,26.0979401855417
5197.125,4.359,4.20601346768609,0.288261636346053,26.0857761131498
5211.797,4.359,4.20613232783611,0.288488963175129,26.0739683114505
5226.422,4.359,4.20651236636992,0.287042272352164,26.0613660748497
5241.328,4.359,4.2068370199898,0.290604440953994,26.0374421636597
5256.281,4.353,4.20649361085381,0.27649812449611,26.0228595482973
5271.297,4.348,4.20567438351326,0.267799275944087,26.0145875583519
5286.297,4.348,4.20569898549245,0.265113167939404,26.0051534335165
5301.203,4.348,4.20591798726868,0.267943046121189,25.9924640651816
5316.187,4.348,4.20619363275781,0.266222268615994,25.9707471357887
5331.125,4.348,4.20633853581473,0.26428959850696,25.9509231086084
5346.25,4.348,4.20638004199944,0.264149267505034,25.9353537987852
5361.359,4.348,4.20659945660075,0.267488415674844,25.9163692791952
5376.609,4.342,4.20645615803143,0.252938333326331,25.9082983852732
5391.641,4.337,4.20552216270278,0.24409074357181,25.8965743620595
5406.859,4.337,4.20556075500117,0.243648289670638,25.8829264221703
5422.234,4.337,4.20570599771511,0.243111767693689,25.8669408850666
5437.562,4.337,4.2058066717454,0.241757538147787,25.8598052501564
5452.859,4.337,4.20614987975375,0.242179827897342,25.8488571838651
5468.078,4.337,4.20628355614091,0.24358794232874,25.8294442602436
5483.562,4.337,4.20655601331182,0.241979546046701,25.8138216451679
5499.062,4.332,4.20587054051736,0.231139976245575,25.8086586533131
5514.578,4.332,4.20609414326182,0.235125075016101,25.7978290081923
5530.172,4.332,4.20614718427218,0.229657712258647,25.7805166759295
5545.797,4.332,4.20633461608408,0.229515170423021,25.7719252563572
5561.437,4.332,4.20662108578291,0.228142242448167,25.7613273395209
5577.219,4.326,4.20575235374811,0.217533004636719,25.739723957194
5592.969,4.321,4.20509685451002,0.206956190625589,25.7297608148284
5608.812,4.321,4.2051981468275,0.208952516636649,25.7147747743049
5624.703,4.321,4.20512536878565,0.208334239543271,25.7088326986216
5640.609,4.321,4.20544167362102,0.211180258396296,25.7015948889762
5656.531,4.321,4.20552814101855,0.208506677631001,25.6898260376283
5672.5,4.321,4.20540135080446,0.211505580965136,25.6746293482913
5688.547,4.321,4.20580499918041,0.208446440255797,25.6595406633896
5704.625,4.321,4.20583084365819,0.208128889524053,25.6501881326847
5720.531,4.321,4.20618301118888,0.207889135053794,25.6479644777484
5736.594,4.321,4.20642183184625,0.208139334724492,25.638315320386
5752.828,4.321,4.20645312848401,0.209639287360195,25.6229572372422
5769.078,4.321,4.20669828588373,0.208323014284068,25.6088959173296
5785.359,4.315,4.20615809585022,0.196228126060269,25.5967552197747
5801.625,4.31,4.20534857250734,0.189530821314528,25.5944577995256
5817.812,4.31,4.20535611468105,0.186610185068068,25.5746385116511
5834.172,4.31,4.20549761081857,0.186442283368306,25.562122606738
5850.578,4.31,4.20570035717361,0.187113591144472,25.5611308233261
5867.125,4.31,4.20578997310812,0.187064442919324,25.5442959979498
5883.609,4.31,4.20591214719622,0.184657776256485,25.5430295462893
5900.016,4.31,4.20599881621121,0.184773888187881,25.5363520401503
5916.609,4.31,4.20612311275351,0.185572329761681,25.5209760874067
5933.25,4.31,4.20631228013516,0.186017572289855,25.5095122453151
5950.031,4.31,4.20664037978792,0.184904787041139,25.507703841821
5966.781,4.305,4.20590688469102,0.173562198017843,25.5030211055589
5983.594,4.305,4.20581808346156,0.174258895467797,25.4876320438134
6000.422,4.305,4.20610016368286,0.173324437771528,25.4833879915997
6016.031,4.305,4.20616146406104,0.172305564442627,25.4658774009785
6031.75,4.305,4.20633454974847,0.17333829874055,25.4680010688203
6047.359,4.305,4.20624442039546,0.169751275753163,25.4501064936086
6063.016,4.305,4.20656139557033,0.174280591315692,25.4429948581002
6078.891,4.299,4.20594246712038,0.160009546555704,25.435090058201
6094.672,4.299,4.20589090708996,0.163557545633467,25.4313259063673
6110.516,4.299,4.20602236118021,0.163705424749728,25.4101086494288
6126.406,4.299,4.20583006482397,0.162840372501871,25.4091308551449
6142.453,4.299,4.20625842959213,0.160986132756529,25.4010118005044
6158.5,4.299,4.20633399466087,0.162510054561046,25.3893998248946
6174.625,4.299,4.20663359371532,0.159522130632219,25.3764138647974
6190.594,4.294,4.20595632651295,0.149890893679834,25.3757327165685
6206.734,4.294,4.20580368431329,0.150325542951941,25.3507791981484
6223,4.294,4.20607980956614,0.150069558782514,25.3542287951786
6239.219,4.294,4.20601755493011,0.150675350734238,25.3438625041913
6255.562,4.294,4.2060467299438,0.151583748699765,25.3410523841865
6271.594,4.294,4.20640072993533,0.14715669563893,25.3381076442619
6287.922,4.294,4.20636598633428,0.151489646095783,25.3205504440042
6304.406,4.294,4.20661187678339,0.151548969497119,25.3110853599862
6320.891,4.288,4.20572873407589,0.137464508366608,25.2923455420451
6337.422,4.288,4.20569546739785,0.137495304176757,25.2823998171646
6353.969,4.288,4.20585799100544,0.140492630498168,25.2715854911828
6370.453,4.288,4.20603388411946,0.13906049030215,25.2616751965318
6387.125,4.288,4.20579644283821,0.135822475461654,25.2615786018114
6403.734,4.288,4.20638396031164,0.139186979417421,25.2520093058877
6420.469,4.288,4.20655799769799,0.139673298771263,25.2510234826152
6437.312,4.283,4.20562369605362,0.126036346776591,25.2400708014684
6454.141,4.283,4.2054527396771,0.128096605081035,25.2275408117691
6471.016,4.283,4.20569302017364,0.129264268253205,25.2200574174136
6487.984,4.283,4.20570072464878,0.127476521325662,25.2228175223091
6504.828,4.283,4.20567711323486,0.127419086829937,25.2129040092743
6521.859,4.283,4.20597200230293,0.126100710288611,25.2031287477163
6538.672,4.283,4.20580431916703,0.126724176575873,25.1952892961341
6555.547,4.283,4.20611520896675,0.12942845781195,25.1840643766434
6572.5,4.283,4.20601150680666,0.125633515938036,25.1912951610812
6589.531,4.283,4.20624085999273,0.12985217625874,25.1798361383675
6606.766,4.283,4.20628389418659,0.125918642468453,25.1726702916028
6624.078,4.283,4.20628861253729,0.125127681013368,25.1616042240733
6641.406,4.283,4.20663232060699,0.127113269932096,25.1555195551468
6658.797,4.278,4.20579215242724,0.115425150338601,25.1460233517069
6676.234,4.278,4.20576489951429,0.117803914371888,25.1449419727716
6693.687,4.278,4.2057675066618,0.114520908406436,25.1414912133221
6711.031,4.278,4.20598054247362,0.115126734707218,25.1313698250495
6728.437,4.278,4.20622312104182,0.11540119231635,25.1260701103763
6746.062,4.278,4.20615051716108,0.115289952933328,25.1203301526242
6763.437,4.278,4.2063013527994,0.11730304772983,25.1062048755438
6781.141,4.278,4.20644306281179,0.113796928548955,25.1096264872471
6798.812,4.278,4.20636907605782,0.114961641470242,25.1098086396551
6816.594,4.278,4.2064566868212,0.115260781723057,25.1059876738123
6834.391,4.278,4.20675584235203,0.115196139811457,25.0898119503984
6852.344,4.278,4.2069191680841,0.114221041914347,25.0940727916147
6870.297,4.278,4.20699537074313,0.114435223776145,25.0832350322232
6888.266,4.278,4.20729255816055,0.112922930916947,25.0710031414704
6906.109,4.278,4.20727000976507,0.112452501912458,25.0633467783847
6924.109,4.278,4.20720346341129,0.113968470469554,25.0618783571129
6942.187,4.278,4.20764961269025,0.112846775028024,25.0558308752827
6960.344,4.272,4.20672095606707,0.103056928178181,25.048042172791
6978.609,4.267,4.20606852694623,0.091326537334059,25.0399390439532
6996.703,4.267,4.20594713770574,0.092873485002828,25.0390788616902
7014.969,4.267,4.2057320221098,0.09371151346742,25.0320348445276
7032.125,4.267,4.20603259045602,0.092232437584392,25.0325898332797
7049.359,4.267,4.20592084109793,0.092431385178553,25.0336977910035
7066.562,4.267,4.2057728419776,0.094325999356262,25.0191560498827
7083.844,4.267,4.20605274495219,0.094354360483818,25.0127673686083
7101.156,4.267,4.2059940914163,0.093695910206444,24.998291686476
7118.5,4.267,4.20591294779573,0.09412151234076,25.0001502031791
7135.844,4.267,4.20610620476801,0.092957199839309,25.001970999664
7153.219,4.267,4.20627219821245,0.094047585076242,24.9961035685769
7170.734,4.267,4.20645268884958,0.090957797135765,24.9867983810601
7188.312,4.267,4.20669608801892,0.092259003535732,24.9842771405961
7205.906,4.261,4.20565996713969,0.084082228878733,24.9858799725933
7223.531,4.261,4.20574866185402,0.078313224017397,24.9830127643696
7241.187,4.261,4.20524032337857,0.077400253890381,24.9790241930764
7258.875,4.261,4.20562864425808,0.079157898206031,24.9734637003909
7276.703,4.261,4.20544618658724,0.083994326196821,24.9663937149697
7294.547,4.261,4.20567935104499,0.080889315840728,24.9723878025655
7312.141,4.261,4.2055534616856,0.08563208991801,24.9517494156872
7330.047,4.261,4.20566875555117,0.083123151354716,24.9490944887648
7348.094,4.261,4.20591658701411,0.082631693071565,24.9497179098365
7366.031,4.261,4.20606295136488,0.079569311997529,24.9399474187304
7383.797,4.261,4.20611979417233,0.079563096032725,24.9349019713773
7401.859,4.261,4.20600958101786,0.08267980223829,24.9321273979772
7420.016,4.261,4.20583627098422,0.078495920748862,24.9178525819592
7438.125,4.261,4.2062183595976,0.080307190935927,24.9242461457944
7456.234,4.261,4.20648178108264,0.083579728802862,24.9137500059162
7474.516,4.261,4.20639225202232,0.078606897739481,24.9132166499386
7492.797,4.261,4.20643615302294,0.079376374912818,24.9076626507538
7511.172,4.261,4.20664413612642,0.076337755420241,24.894091849585
7529.625,4.256,4.20612187023126,0.066089517886327,24.9000080088817
7548.031,4.256,4.20600874597724,0.0703939917928,24.8906225522907
7566.469,4.256,4.20572290162202,0.069676789941387,24.8903931841468
7584.937,4.256,4.20573362072133,0.071058012741525,24.8893455450062
7603.406,4.256,4.20564986492067,0.06924981086628,24.8976322134209
7622.047,4.256,4.20589689773147,0.069699418660022,24.8835417405379
7640.703,4.256,4.20526786491169,0.075099902774393,24.8780460475452
7659.375,4.256,4.20591125589293,0.068864237038448,24.8770075858707
7678.078,4.256,4.20613299119175,0.069872523599715,24.8691292624982
7696.797,4.256,4.20607366400043,0.069620557929694,24.8717337245063
7715.609,4.256,4.20579855235544,0.070341924157057,24.8524518995973
7734.391,4.256,4.20604200845238,0.067731257563415,24.8499515668967
7753.297,4.256,4.20627798248199,0.070641631644761,24.8521060244857
7772.25,4.256,4.20615173429314,0.06814905426884,24.8531434843638
7791.203,4.256,4.20642081980862,0.06914259401711,24.8387940792076
7810.25,4.256,4.20659935748523,0.072676608916732,24.8479106058353
7829.391,4.25,4.20556832013994,0.056987597287237,24.8489112113083
7848.562,4.25,4.20555056841798,0.061403217925893,24.8490108302902
7867.703,4.25,4.20546592783634,0.06089685042299,24.8344573769348
7886.922,4.25,4.20584886833044,0.060079563873737,24.8316196451618
7906.156,4.25,4.20546599028517,0.060737345171977,24.8261126247162
7925.484,4.25,4.20546815653533,0.059639177425599,24.8203400799137
7944.578,4.25,4.20560392202418,0.057637856997119,24.8205291201281
7963.937,4.25,4.20582025363991,0.058911385113432,24.8122384854819
7983.422,4.25,4.20569687877658,0.059551883391015,24.8246916364142
8002.953,4.25,4.20571404101436,0.059012714974526,24.8175943376741
8021.391,4.25,4.20576237921124,0.06019230489727,24.8102494656012
8039.844,4.25,4.205997164097,0.060350208448672,24.8063687822611
8058.406,4.25,4.20581595345503,0.05764812603454,24.8041685814313
8077,4.25,4.20590098439514,0.060892616787,24.7998351178994
8095.625,4.25,4.2059952974429,0.058655698704076,24.8020393752719
8114.312,4.25,4.20618598491011,0.058363262987197,24.7934737908961
8132.937,4.25,4.20608633717378,0.057640746340699,24.7862138849598
8151.656,4.25,4.2063429083656,0.057579447005546,24.791060851589
8170.406,4.25,4.20603742327899,0.052287520128247,24.7819420870354
8189.172,4.25,4.20626625671595,0.058313942862167,24.7869559738235
8207.969,4.25,4.20654482887904,0.057057703445484,24.7760301810579
8226.734,4.25,4.20641182839476,0.055461960044093,24.7678041775709
8245.703,4.25,4.20644472449744,0.057273663198304,24.784273270263
8264.625,4.25,4.20653382048615,0.055422108767509,24.773923813452
8283.656,4.25,4.20674282480481,0.060478701299628,24.7681282011737
8302.687,4.245,4.20603806809969,0.050800398708157,24.7732385348341
8321.797,4.245,4.20589478030477,0.046924872966836,24.7654946754353
8340.875,4.245,4.20581289443148,0.048063927371674,24.7648894015566
8360.141,4.245,4.20583447896993,0.049142856799045,24.7734692022164
8379.375,4.245,4.20580017305804,0.04919575082946,24.7609577797912
8398.734,4.245,4.20574855455124,0.047631654579787,24.7511731256226
8418.109,4.245,4.20600364459709,0.049686770277316,24.7535731961393
8437.562,4.245,4.2059680576249,0.045623613541864,24.747096137217
8457.078,4.245,4.20604638494688,0.045793544656456,24.7428630556001
8476.625,4.245,4.20614562249727,0.049717556968519,24.7526656632441
8496.25,4.245,4.20592974510096,0.043715272815063,24.7534077638846
8515.781,4.245,4.20620705551747,0.048548752684709,24.7472246910108
8535.453,4.245,4.20641250314884,0.047402574194949,24.7413348045613
8555.156,4.245,4.20616672525489,0.043578167822849,24.7399170024228
8574.906,4.245,4.2063241973406,0.047493639865606,24.7271927293189
8594.641,4.245,4.2062650979604,0.044045992905596,24.7324620330846
8614.531,4.245,4.20629648434531,0.045715162630778,24.7303026180179
8634.406,4.245,4.20652915741607,0.048105042060349,24.7265753650599
8654.359,4.245,4.20641147134866,0.046291473804607,24.7093064018658
8674.375,4.245,4.20640204600124,0.043860814513066,24.7098562781359
8694.328,4.245,4.20644515262321,0.04594718561799,24.7068177996269
8714.469,4.245,4.20660105527634,0.043820652460066,24.7130247736092
8734.609,4.24,4.20529981729461,0.035330686910922,24.7091798777115
8754.75,4.24,4.20553913436592,0.035100811921914,24.7025406858371
8774.937,4.24,4.20558864425515,0.03671228281165,24.7110983728074
8795.266,4.24,4.20537435512948,0.035982649194305,24.7026696190443
8815.547,4.24,4.20550215796048,0.035790488789458,24.7013429577381
8835.969,4.24,4.20553333121582,0.035449765971059,24.6990571412777
8856.391,4.24,4.20544076815842,0.036020487456186,24.6938985463678
8876.766,4.24,4.20553396442808,0.038344239938281,24.6948843458885
8897.281,4.24,4.20538535362873,0.035931553057967,24.6953136419813
8917.922,4.24,4.20547023491506,0.035930435258631,24.7007528472351
8938.453,4.24,4.20560057299571,0.031504305589939,24.6916852096703
8959.078,4.24,4.20577025463979,0.034424155579251,24.6882687442642
8979.891,4.24,4.20587738603817,0.037919198713649,24.6751880895118
9000.656,4.24,4.20586970438073,0.034401975999853,24.6746620397797
9020.391,4.24,4.20587785698822,0.033694049007442,24.68688444121
9040.187,4.24,4.20578852944201,0.033203841715988,24.6807118970424
9059.937,4.24,4.20574686171162,0.035976146960674,24.6695750672805
9079.844,4.24,4.20607053944622,0.032927224620237,24.6855805866193
9099.719,4.24,4.20565294660815,0.034999344620234,24.6787584738608
9119.594,4.24,4.20582242284686,0.033321545042253,24.6790128156867
9139.484,4.24,4.20600977171488,0.033314842040942,24.6731601806129
9159.391,4.24,4.20580519452921,0.035481084342871,24.6725093708198
9179.391,4.24,4.20592595937456,0.036250439270781,24.6751978168483
9199.5,4.24,4.20595005855086,0.035542488674996,24.6705943266928
9219.672,4.24,4.20595785930194,0.037067382321634,24.6610500554954
9239.828,4.24,4.20627298218751,0.033584741756943,24.6576540778772
9260.078,4.24,4.20603624297329,0.034247844977654,24.6602796892101
9280.422,4.24,4.20639906628823,0.036166221476418,24.6531716605567
9300.75,4.24,4.20649478418039,0.033635058455591,24.6634646943879
9321.062,4.24,4.20614284904407,0.033035188001142,24.6582456791466
9341.406,4.24,4.20621348024405,0.035079394326828,24.6570354356892
9361.75,4.24,4.20645816628408,0.035698243688491,24.6580500912175
9382.297,4.24,4.20656864172774,0.032906139582986,24.6588565633817
9402.906,4.24,4.20626510002492,0.031949673788736,24.6546920792255
9423.437,4.24,4.20628906165128,0.032969759758625,24.6493495030859
9444.031,4.24,4.20641203052302,0.035237595310504,24.6540491661333
9464.656,4.24,4.20651696250709,0.031595919804959,24.6427103145306
9485.344,4.24,4.20640586649742,0.032137072908225,24.6546445112546
9506.109,4.24,4.20664020799231,0.034852658000127,24.6495840318928
9526.875,4.24,4.20658179342873,0.031691529119894,24.6463497560441
9547.734,4.24,4.20672628566353,0.034043802272275,24.6514039154193
9568.781,4.24,4.20676591220577,0.033015260814131,24.6494191244289
9589.75,4.24,4.20673091686623,0.031861819292053,24.6474772756832
9610.734,4.24,4.2072241577161,0.033652590739146,24.6355639248918
9631.75,4.24,4.20699825056503,0.031437238087025,24.6400739790934
9652.828,4.24,4.20694996413572,0.031436111018951,24.6301402058637
9674.094,4.24,4.20706689793445,0.033585514908553,24.6352247868643
9695.375,4.24,4.20707346530111,0.031429132390615,24.628463938416
9716.687,4.24,4.20723777597835,0.032928886758774,24.6241575160062
9737.875,4.24,4.20701074983015,0.030596770795562,24.6184081011505
9759.187,4.24,4.20733011936044,0.035046408922712,24.6177346408193
9780.484,4.24,4.20741293999056,0.031253644034506,24.6184996575395
9802,4.24,4.20739479762778,0.031944811016017,24.6216839363179
9823.547,4.24,4.20735008621384,0.029902127839228,24.6121337260687
9844.984,4.24,4.20717290150474,0.03142159053382,24.6109002430646
9866.547,4.24,4.20737045630817,0.030839358697396,24.615520674912
9888.25,4.24,4.20761509812,0.033105511796762,24.6066690766218
9909.875,4.234,4.20673546446853,0.021921039994851,24.614155184677
9931.719,4.229,4.20578679531428,0.011076438244657,24.600173786523
9953.578,0.003,4.1221456508531,-0.002008934958201,25.0118075692427
9975.203,0.003,4.16216667699932,-0.004025485555893,25.3267998388258
9997.016,0.003,4.17247015200866,-0.000167431306442,25.3552338150225
10018.797,0.003,4.17727212867376,0.000585147103089,25.3316096940069
10038.594,0.003,4.1800312459328,-0.003169774441513,25.3095971430452
10058.437,0.003,4.18171532307142,-0.004339412680586,25.2874570165158
10078.25,0.003,4.18338564772403,0.000222721700887,25.268677383272
10098.187,0.003,4.18439722922033,-0.000498569474552,25.2494633650428
10118.062,0.003,4.18540849296749,-0.001303791843621,25.2182310860937
10138.156,0.003,4.18560233836684,0.003196252815612,25.2032297759008
10158.203,0.003,4.18536524861451,-0.007757888044061,25.1860620634311
10178.219,0.003,4.1862590080809,-0.002752754930423,25.1709267740186
10198.344,0.003,4.18631076424843,-0.00530582025323,25.1495147159534
10218.5,0.003,4.18674064226708,-0.000228933316839,25.1377622367867
10238.687,0.003,4.18670974658654,-0.004073702665852,25.1324221320448
10258.953,0.003,4.18698815879908,0.000830264264406,25.1199575767362
10279.187,0.003,4.18711675791193,-0.000670895164079,25.0985843876529
10299.531,0.003,4.18701963295306,-0.002279667907317,25.0963314271176
10319.906,0.003,4.18731748174516,-0.002118317365277,25.0742662130203
10340.328,0.003,4.18743941310081,-0.000940851101623,25.0590898285981
10360.859,0.003,4.18746066968697,-0.001476776993724,25.0494865327402
10381.328,0.003,4.18778322773253,-0.001722261297229,25.0322531100798
10401.937,0.003,4.18739192845213,-0.001728714308147,25.0248520958134
10422.531,0.003,4.18768282983865,0.000299135192213,25.0060637048198
10443.156,0.003,4.18755213590635,-0.000350735462208,24.9951931316279
10463.797,0.003,4.18750567765471,-0.002643902471934,24.9928744660095
10484.547,0.003,4.18739822580616,0.002276557986265,24.9770854752734
